Id,BIRTHDATE,GENDER
45dff467-def6-2132-a03a-5950e203b5c8,11/5/1977,M
41e3b05f-43dc-a488-c593-d14d479b9091,5/13/1962,M
0bdb38c0-fe9f-f2dd-f7e0-0ba7eddb4738,6/3/1962,M
10ecc353-34e9-2ab7-dea9-b7ff6b838b20,8/8/2020,F
092055e1-eb28-57d2-d914-ab03727a4ebc,6/18/2007,F
a35dfed8-3039-7d94-313c-e27944ec65f7,10/18/2020,F
a01df3b5-e092-96a4-76ce-8fa15c22dfb1,1/31/2024,F
ac666eef-e0c1-87b3-b884-fd453ac848a6,3/29/1966,M
1417b6d1-0e62-8a5e-f21c-c5936de60036,1/8/1964,M
183aae24-99b3-bade-3f96-2ef5a4631d9c,10/21/1990,F
c5dd81ca-1b9c-7562-6203-70d862ef3f33,9/27/2009,M
c6111dd2-5730-d2a4-9165-fb5aca475be4,9/17/1949,M
922118ba-e9c1-e63d-c63c-1ea0d8e73b40,1/28/2009,M
31138316-2dc2-c809-21e4-9f097666a14a,3/7/1976,M
30ed6975-6196-d44b-7b36-009d81d2c155,1/8/1964,M
b55cd669-99dc-ad42-5ec6-04e96407217f,1/18/1969,F
99ef04bc-9ae7-7b5c-ce02-5a9943581a8b,3/17/1986,M
a78ed2b6-781f-4b15-5144-72456138adb8,12/14/2010,M
e0c71b1d-2d27-a932-4d0d-8c1ebd658912,11/12/2015,F
ddfd836c-36a9-c784-8ce6-ca9862538da3,3/16/2012,M
f1d449d4-11d9-b3bd-8822-ff860783ce51,9/17/1949,M
e43e8a0d-7464-6d49-6699-4dc5c5456ef2,8/31/2002,F
e4e6d8d7-9db1-bee7-42f0-4e9ac1abd4e0,12/5/2018,M
95c62760-a537-9488-77c2-a7444d8dc655,7/25/2010,F
4f409d5e-b0ca-87b7-8a38-e20ea573e66c,2/9/1978,M
41a39ee6-612c-5557-4471-723c44e7b414,12/31/1972,F
2a7454d4-6b6d-bb33-d2f7-d4ab886d6012,10/3/2013,F
56eef2db-fd4c-8c55-3346-5b9be2ba2e24,4/24/1973,M
059c2ab5-9ea4-872e-63ec-455be9b6956b,1/17/1968,M
473282d3-65db-fb8e-9913-af83bbf2595f,8/5/1989,F
3f3c4fb3-c95a-58a8-72a7-acc2b0af61f5,3/20/1998,M
89fb9e68-041b-6c26-6d4f-d1010eda3c09,4/2/1995,F
10ee849d-1ca2-9c74-a6a3-1c67d808ab94,3/18/1974,F
d00420ac-9a07-66dc-ee93-d2e3e9bbf23e,9/29/2014,F
f4159279-94bf-1bfc-701b-502b2a3131b4,1/12/1973,F
3204786e-414f-d3b3-00d7-db5c73e20c74,1/17/1969,F
0b71e9a5-5cc8-b4c6-69ec-9ad973817369,3/29/1995,M
7895d5d9-a8a5-be61-815b-b204a2bba816,2/9/1956,F
6c2c8853-6848-bef3-71dd-999cb76bf9e8,11/17/1976,F
9674049d-58be-b48a-54d7-e16e1b0ccd88,11/9/1985,F
2bdd6aa2-69f7-839e-5924-1d8d6b0f4e1e,7/4/2001,F
9c867408-0359-e6e7-4eb3-19a635685828,2/16/1972,F
65bdc04a-127b-5d3a-8e6c-05c01480fe2c,12/2/1976,M
92689063-c0d0-ffeb-4f9e-5cf3d74f0d70,7/4/2001,F
9c127696-0332-e0c0-c60a-e02bbbd4b4a6,5/17/2020,M
9be956a7-e9c1-9d7a-02e1-4dc77c9502a2,8/11/2000,F
0050142f-2f30-0459-4614-3b9cbb082854,4/24/2009,F
edd959a2-e707-37e6-b5ab-3d38620178ae,12/6/1946,F
6564dee7-31b7-cbd3-4382-e6289c750110,6/5/1951,M
44ab43e4-62ce-aa80-de44-b92ce9a116cc,8/23/2025,F
d517a370-d999-537c-13ca-944994fcee40,8/29/1973,M
2584fce2-7e0f-67ef-89e3-5a16032ef318,11/27/1991,M
996793f4-da0e-1a4c-f462-c2088fd44567,3/8/2001,F
198ed260-8fe4-533c-f85c-a24b73f88197,12/6/1946,F
bdfed7c9-255f-2e09-25e8-7880f3a77ffd,8/28/1966,F
5fe4c4ba-9ea7-a5e2-94fe-bbf78b0a0e76,9/2/2005,F
0c1a1859-29c7-4f11-f21c-20a7099e8613,12/21/1996,F
7e3953cc-6c45-92b8-3b7d-23a9e50091d7,3/13/1974,M
c5b8dccb-7c63-b080-398a-c11d043bf9cb,5/1/1963,M
78f6f5c0-702d-7524-d723-0e99f1af7493,1/12/1996,M
4556f3e0-f7d4-c302-394f-c251a8468454,1/30/2003,F
37d3ed20-71a3-ea45-58f4-c257cbc9baa4,3/20/2003,M
3a3cfc60-f3b9-d9a0-1dbd-67f0cf8947e2,6/28/1995,F
09cb2fb8-8a9d-f75f-135e-8bb95d9f446f,10/25/1961,M
6b949035-5840-c84c-6094-66835062858a,8/26/2002,M
e6ccf48c-3e81-913d-b524-b51238580947,5/15/1980,F
9a5ecccf-e4ae-658f-a8ae-177811f90535,4/29/1943,M
37bd4d32-a844-0fa7-a797-ef09c605d25b,10/25/1961,M
844f3814-39df-ab0a-66d0-99e02201f020,4/26/1990,F
7d48af86-e871-440c-2f8e-df97e369cf35,7/18/1958,F
6919a375-be76-b0e5-c19b-f0de53601b7b,4/26/1990,F
c43bd496-8a2c-0077-2788-c3a5b83f8373,1/8/1919,F
7cc6906f-b761-e388-2d83-92ebd39fb4c3,7/18/1958,F
84ce846c-5d7b-841f-3edc-fc49ee0b32c9,11/8/1948,F
a45c5e62-4fc4-e756-248a-d796108c0072,1/8/2002,F
81242324-2d94-ddf3-a684-d58a75c06ee6,7/21/1958,M
fe69dbde-87d4-044b-bd63-090d9d5b9dd4,9/5/1951,F
10756f0a-1b93-ad7a-b8d2-55d1f495394a,12/21/2014,F
fea51c36-faca-d976-bde4-e2dc25983e62,7/21/1958,M
c1c3c100-de6b-30c7-e7f1-82441577277d,3/12/1998,F
51e0b3fa-ad85-c245-eb58-4d9205c2b723,5/18/2002,M
f5f7ffea-7532-6a7d-f94a-e1aabe6664c8,1/28/1953,M
b9e40030-d70d-d517-fdda-2037abdb5a80,12/9/1983,F
44df6c54-b461-d375-f129-fe249c18874d,9/19/1973,M
ab27141b-099a-744e-4a5f-727f4802bdf9,4/26/1967,M
48c74e27-bd62-c80e-c9dd-472f8adbeb72,12/9/1983,F
44593be7-a0fd-4ae2-f0d4-2c0ee1590ec1,11/5/2025,M
258041a6-bcb2-807e-65ee-c3e45e908d0b,4/14/2025,M
7903c561-622b-88bd-253b-d85e39177398,4/29/1943,M
4c2d9aad-d8ba-71c0-b588-c8599aaa218a,12/25/1965,M
3bd657bd-51e4-a89d-300c-cc4238af6f1c,9/19/1994,F
b4b75040-9460-1b1b-ad10-089a9ed69e9f,2/1/1986,M
a336e5c5-db17-7bad-7a45-cf800df9a138,11/3/1979,M
3988f353-3849-69a1-2780-a5c23bd44909,1/7/1961,M
a1579aac-7782-f39d-d83d-4ff73c13b648,4/27/2002,M
e1ee6dac-97ca-bff4-293f-fcf24bdec47e,2/28/1924,M
09e0d4ef-ac2d-fc4e-865f-676ec335c5bd,1/11/1974,F
d1dd5867-a35a-7737-c619-35ab92616b9d,4/4/1996,F
6ea8365d-e53f-2d4b-23b4-8eb3d83bd2cb,7/19/1997,M
5f0b80f3-7971-e95c-0fce-d80ffcbf4602,2/28/1924,M
fb1c17bf-f36f-ff24-5a5d-227fd01e447d,9/2/1998,F
55087eb9-d0fe-bcab-4b86-5b8ea0c45077,11/8/1948,F
b234c860-7fc5-7f36-df31-9ac6744ea35b,5/6/1953,M
708dc0ad-1d3d-353b-e4d9-62e0bec08b92,11/27/1999,F
814b53c4-d5e3-2db5-4842-e419e56b54c8,2/28/1924,M
96dce072-0178-f305-3c8b-946ab1dd155f,12/11/1977,M
fb55f2b6-37d3-8403-c1fd-0e2f1330470e,4/25/2010,M
fb62c08e-8900-5fb2-8a98-af95f64125ff,6/17/1968,M
e0bbc4a9-b889-3f6e-b75c-09c2c396045b,10/9/2014,M
399c2cef-f4a7-a47d-449b-c08738a8bb77,3/11/1964,M
0bdd1a87-dca8-5164-8ec6-28cc7b17cfb9,9/22/1987,M
f4a26937-3b08-9317-bd34-2259165b8cc0,12/5/2019,M
ce16264b-b955-e2a2-bd49-5ce02cc20d7c,2/9/2007,F
08de722f-94f0-95a7-5054-b121c3c45b99,3/11/1964,M
6547940c-38ea-67f0-54d1-d132440c8cc9,2/28/1924,M
